<configuration>

    <appender name="STDOUT" class="ch.qos.logback.core.ConsoleAppender">
        <encoder>
            <pattern>%d{HH:mm:ss.SSS} [%thread] %-5level %logger{36} - %msg%n</pattern>
        </encoder>
    </appender>
    <appender name="kafkaAppender" class="com.github.danielwegener.logback.kafka.KafkaAppender">
        <encoder>
            <pattern>command-%d{HH:mm:ss.SSS} [%thread] %-5level %logger{36} - %msg%n</pattern>
        </encoder>
        <topic>logs</topic>
        <keyingStrategy class="com.github.danielwegener.logback.kafka.keying.NoKeyKeyingStrategy"/>
        <deliveryStrategy class="com.github.danielwegener.logback.kafka.delivery.AsynchronousDeliveryStrategy"/>
        <producerConfig>bootstrap.servers=localhost:9092</producerConfig>

        <!-- this is the fallback appender if kafka is not available. -->
        <appender-ref ref="STDOUT"/>
    </appender>

    <root level="info">
        <appender-ref ref="kafkaAppender"/>
        <appender-ref ref="STDOUT"/>
    </root>
</configuration>
